--
-- Script was generated by Devart dbForge Studio 2019 for MySQL, Version 8.1.22.0
-- Product home page: http://www.devart.com/dbforge/mysql/studio
-- Script date 2021. 06. 07. 15:45:04
-- Server version: 5.5.5-10.1.38-MariaDB
-- Client version: 4.1
--

-- 
-- Disable foreign keys
-- 
/*!40014 SET @OLD_FOREIGN_KEY_CHECKS=@@FOREIGN_KEY_CHECKS, FOREIGN_KEY_CHECKS=0 */;

-- 
-- Set SQL mode
-- 
/*!40101 SET @OLD_SQL_MODE=@@SQL_MODE, SQL_MODE='NO_AUTO_VALUE_ON_ZERO' */;

-- 
-- Set character set the client will use to send SQL statements to the server
--
SET NAMES 'utf8';

--
-- Set default database
--
USE macskaorokbeadas2;

--
-- Drop table `macskaoltasai`
--
DROP TABLE IF EXISTS macskaoltasai;

--
-- Drop table `oltasok`
--
DROP TABLE IF EXISTS oltasok;

--
-- Drop table `macskak`
--
DROP TABLE IF EXISTS macskak;

--
-- Drop table `fajtak`
--
DROP TABLE IF EXISTS fajtak;

--
-- Drop table `orokbeadok`
--
DROP TABLE IF EXISTS orokbeadok;

--
-- Set default database
--
USE macskaorokbeadas2;

--
-- Create table `orokbeadok`
--
CREATE TABLE orokbeadok (
  orokbeAdoId INT(11) NOT NULL AUTO_INCREMENT,
  Onev VARCHAR(50) DEFAULT NULL,
  telefon VARBINARY(15) DEFAULT NULL,
  email VARCHAR(50) NOT NULL,
  password VARCHAR(60) NOT NULL,
  jogosultsag VARCHAR(60) DEFAULT '0',
  PRIMARY KEY (orokbeAdoId)
)
ENGINE = INNODB,
AUTO_INCREMENT = 14,
AVG_ROW_LENGTH = 1260,
CHARACTER SET utf8,
COLLATE utf8_hungarian_ci;

--
-- Create table `fajtak`
--
CREATE TABLE fajtak (
  fajtaId INT(11) NOT NULL AUTO_INCREMENT,
  fajtaNev VARCHAR(60) DEFAULT NULL,
  PRIMARY KEY (fajtaId)
)
ENGINE = INNODB,
AUTO_INCREMENT = 11,
AVG_ROW_LENGTH = 1638,
CHARACTER SET utf8,
COLLATE utf8_hungarian_ci;

--
-- Create table `macskak`
--
CREATE TABLE macskak (
  macskaId INT(11) NOT NULL AUTO_INCREMENT,
  nev VARCHAR(50) DEFAULT NULL,
  ivartalanitott TINYINT(4) NOT NULL,
  fajtaId INT(11) NOT NULL,
  orokbeAdoId INT(11) NOT NULL,
  Orogbefogadott TINYINT(4) NOT NULL,
  neme TINYINT(4) NOT NULL,
  szuletesiDatum DATE DEFAULT NULL,
  kep VARCHAR(50) DEFAULT 'logo.png',
  PRIMARY KEY (macskaId)
)
ENGINE = INNODB,
AUTO_INCREMENT = 17,
AVG_ROW_LENGTH = 1024,
CHARACTER SET utf8,
COLLATE utf8_hungarian_ci;

--
-- Create index `UK_macskak_orokbeAdoId` on table `macskak`
--
ALTER TABLE macskak 
  ADD INDEX UK_macskak_orokbeAdoId(orokbeAdoId);

--
-- Create foreign key
--
ALTER TABLE macskak 
  ADD CONSTRAINT FK_macskak_fajtak_fajtaId FOREIGN KEY (fajtaId)
    REFERENCES fajtak(fajtaId) ON DELETE CASCADE ON UPDATE CASCADE;

--
-- Create foreign key
--
ALTER TABLE macskak 
  ADD CONSTRAINT FK_macskak_orokbeadok_orokbeAdoId FOREIGN KEY (orokbeAdoId)
    REFERENCES orokbeadok(orokbeAdoId) ON DELETE CASCADE ON UPDATE CASCADE;

--
-- Create table `oltasok`
--
CREATE TABLE oltasok (
  oltasokId INT(11) NOT NULL AUTO_INCREMENT,
  oltasNev VARCHAR(60) DEFAULT NULL,
  PRIMARY KEY (oltasokId)
)
ENGINE = INNODB,
AUTO_INCREMENT = 4,
AVG_ROW_LENGTH = 5461,
CHARACTER SET utf8,
COLLATE utf8_hungarian_ci;

--
-- Create table `macskaoltasai`
--
CREATE TABLE macskaoltasai (
  macskaOltasaId INT(11) NOT NULL AUTO_INCREMENT,
  macskaId INT(11) DEFAULT NULL,
  oltasId INT(11) DEFAULT NULL,
  PRIMARY KEY (macskaOltasaId)
)
ENGINE = INNODB,
AUTO_INCREMENT = 17,
AVG_ROW_LENGTH = 1024,
CHARACTER SET utf8,
COLLATE utf8_hungarian_ci;

--
-- Create foreign key
--
ALTER TABLE macskaoltasai 
  ADD CONSTRAINT FK_macskaoltasai_macskak_macskaId FOREIGN KEY (macskaId)
    REFERENCES macskak(macskaId) ON DELETE CASCADE ON UPDATE CASCADE;

--
-- Create foreign key
--
ALTER TABLE macskaoltasai 
  ADD CONSTRAINT FK_macskaoltasai_oltasok_oltasokId FOREIGN KEY (oltasId)
    REFERENCES oltasok(oltasokId) ON DELETE NO ACTION ON UPDATE NO ACTION;

-- 
-- Dumping data for table orokbeadok
--
INSERT INTO orokbeadok VALUES
(1, 'Fa Pál', x'30363330333536373933', 'FaPál@gmail.com', '$2y$10$GdZw4NFcJv8.No3TQ2Oqje02S.UGinIS0Zp44GvaSrkrMId41VTYe', '0'),
(2, 'Dél Katalin', x'3036373033353634393837', 'Katalinka@gmail.com', '$2y$10$iXTNCzli2t2yHE1wsKEMMeIfmXlHgyEIGcBdlsYxhzgxaALt9Slh2', '0'),
(3, 'Almás Krisztián', x'3036333036353439363531', 'Almafa@gmail.com', '$2y$10$U8CARIjPMrbYVni4jeTx/.VU90SakRL3iaEEJaHUQAEUr40tyQY/.', '0'),
(4, 'Dér Fábián', x'3036323035363731323934', 'Deres@gmail.com', '$2y$10$/xf9zhF23CqjItsppK9tl.XVssym9k/QKsRRxG1lCmfdJ/W9d5BFu', '0'),
(5, 'Feket Jázmin', x'3036333035363233383931', 'Jázminka23@gmail.com', '$2y$10$atuSPMnK4..v16FpBbsh3.f5reNfZMUCSjZS2ilvbZiXbHvJ3GIEm', '0'),
(6, 'Dobos Hajnalka', x'3036323037383236333431', 'DobosH@gmail.com', '$2y$10$h8Q8vA8/5iadrCDaTZb/neKAr2nHobnZLSV8b7YA7exD7YlZA/c.6', '0'),
(7, 'Edresi Dániel', x'3036333037363334393136', 'EDaniel@gmail.com', '$2y$10$I1Koge/v6QdANqz04i4p2.nNjQCiZWNGsWb9ute4E5WWQlVKVkeUy', '0'),
(8, 'Fakó Ádám', x'3036373035383233363733', 'FÁdám@gmail.com', '$2y$10$QGWKguT9N.Ncxz9PdD7Tf.LeTAmSRKugfpV9iqpGj5m0rGKM4c7j.', '0'),
(9, 'Kovács József', x'3036373033393732353633', 'KOvácsJ25@gmail.com', '$2y$10$z9Khe1G1oTQDEYcLpoeEPOFavynSeJWe9QAPX1i4c0qmNe4enMuiC', '0'),
(10, 'Kockás Edina', x'3036323032333938353633', 'KOCKASEDINA@gmail.com', '$2y$10$ZzGE7O5vw341SwX2jB2aru83EdpoFgaYvCdbaFLcfsxQOmEwc1Asa', '0'),
(11, 'Nagy István', x'3036333035363233343937', 'NagyI67@gmail.com', '$2y$10$TN.rhiPlV7pjNul3dpgDDeMAgTeC8yj.ogbki2sVRUzEthaVn.NuO', '0'),
(12, 'Kis Viktória', x'3036373034353932353736', 'KisViki@gmail.com', '$2y$10$rgqnKJDYHbwCkK9d1APc2esSatjvp8xPs.NCaaGRKXIp3M3dmQlmC', '0'),
(13, 'Farkas Cintia', x'30363330333536373834', 'anyamTyukja', '$2y$10$PhBhDf7ncfXpr1Ay7mszr..tnp7l4OzjRibPexY4SOpow3GWbBmIe', '2');

-- 
-- Dumping data for table fajtak
--
INSERT INTO fajtak VALUES
(1, 'Balinéz macska'),
(2, 'Abesszin macska'),
(3, 'Bengáli macska'),
(4, 'Burmai szent templommacska'),
(5, 'Maine Coon'),
(6, 'Munchkin'),
(7, 'Orosz kék macska'),
(8, 'Norvég Erdei Macska'),
(9, 'Perzsa macska'),
(10, 'Skót lógófülű macska');

-- 
-- Dumping data for table oltasok
--
INSERT INTO oltasok VALUES
(1, 'Macska-leukémia'),
(2, 'FIP-feline infektional peritonitis'),
(3, 'Chlamydia nátha-chlamydiose ill. chlamydophila felis');

-- 
-- Dumping data for table macskak
--
INSERT INTO macskak VALUES
(1, 'Hapci', 0, 1, 10, 0, 0, '2020-07-16', 'Hapci.jpg'),
(2, 'Alma', 1, 2, 9, 0, 0, '2020-05-30', 'Alma.jpg'),
(3, 'Cirmi', 1, 3, 8, 0, 1, '2021-02-25', 'Cirmi.jpg'),
(4, 'Kajla', 0, 4, 7, 0, 0, '2020-08-23', 'Kajla.jpg'),
(5, 'Mócsing', 0, 5, 6, 0, 1, '2019-07-27', 'Mocsing.jpg'),
(6, 'Kerge', 1, 6, 5, 0, 0, '2021-10-16', 'Kerge.jpg'),
(7, 'Marci', 0, 7, 4, 0, 0, '2019-02-28', 'Marci.jpg'),
(8, 'Fifi', 1, 8, 3, 0, 1, '2021-01-08', 'Fifi.jpg'),
(9, 'Cirmi', 1, 9, 2, 0, 1, '2020-12-12', 'Cirmi2.jpg'),
(10, 'Kormi', 0, 10, 1, 0, 0, '2020-11-26', 'Kormi.jpg'),
(11, 'Cili', 0, 7, 11, 0, 0, '2021-01-01', 'Cili.jpg'),
(12, 'Picur', 0, 5, 12, 0, 1, '2020-09-30', 'Picur.jpg'),
(13, 'Macskanev', 0, 3, 1, 0, 0, '2021-01-01', 'logo.png'),
(14, 'maki', 1, 1, 2, 0, 1, '2020-12-03', 'logo.png'),
(15, 'bela', 0, 1, 1, 0, 0, '2020-07-16', 'logo.png'),
(16, 'kefe', 0, 3, 3, 0, 0, '2020-07-16', 'logo.png');

-- 
-- Dumping data for table macskaoltasai
--
INSERT INTO macskaoltasai VALUES
(1, 1, 1),
(2, 1, 2),
(3, 1, 3),
(4, 2, 1),
(5, 2, 2),
(6, 3, 2),
(7, 4, 1),
(8, 5, 1),
(9, 5, 3),
(10, 6, 1),
(11, 6, 2),
(12, 6, 3),
(13, 9, 2),
(14, 10, 1),
(15, 10, 3),
(16, 12, 3);

-- 
-- Restore previous SQL mode
-- 
/*!40101 SET SQL_MODE=@OLD_SQL_MODE */;

-- 
-- Enable foreign keys
-- 
/*!40014 SET FOREIGN_KEY_CHECKS=@OLD_FOREIGN_KEY_CHECKS */;